id,name,url
30699,Donggwanwangmyo,"['http://commons.wikimedia.org/wiki/File:Dongmyo_Shrine_Outer_Gate_-_Seoul,_South_Korea_13-03120.JPG', 'http://commons.wikimedia.org/wiki/File:Dongmyo_Shrine_East_Shrine_-_Seoul,_South_Korea_13-03126.JPG', 'http://commons.wikimedia.org/wiki/File:Dongmyo_Shrine_Inner_Gate_-_Seoul,_South_Korea_13-03127.JPG', 'http://commons.wikimedia.org/wiki/File:%EC%84%9C%EC%9A%B8_%EB%8F%99%EA%B4%80%EC%99%95%EB%AC%98_06.jpg', 'http://commons.wikimedia.org/wiki/File:Dongmyo_Shrine_Inner_Gate_-_Seoul,_South_Korea_13-03122.JPG', 'http://commons.wikimedia.org/wiki/File:Dongmyo_Shrine_Memorial_Hall_-_Seoul,_South_Korea_13-03134.JPG', 'http://commons.wikimedia.org/wiki/File:Dongmyo_Shrine_Memorial_Hall_-_Seoul,_South_Korea_13-03136%267.JPG', 'http://commons.wikimedia.org/wiki/File:%EC%84%9C%EC%9A%B8_%EB%8F%99%EA%B4%80%EC%99%95%EB%AC%98_01.jpg', 'http://commons.wikimedia.org/wiki/File:Dongmyo_Shrine_Memorial_Hall_-_Seoul,_South_Korea_13-03135.JPG', 'http://commons.wikimedia.org/wiki/File:Dongmyo_Shrine_Inner_Gate_-_Seoul,_South_Korea_13-03144.JPG', 'http://commons.wikimedia.org/wiki/File:Dongmyo_Shrine_Outer_Gate_-_Seoul,_South_Korea_13-03147.JPG', 'http://commons.wikimedia.org/wiki/File:Dongmyo_Shrine_Memorial_Hall_-_Seoul,_South_Korea_13-03138.JPG', 'http://commons.wikimedia.org/wiki/File:Dongmyo_Shrine_-_Seoul,_South_Korea_13-03139.JPG', 'http://commons.wikimedia.org/wiki/File:Dongmyo_Shrine_-_Seoul,_South_Korea_13-03119.JPG', 'http://commons.wikimedia.org/wiki/File:Dongmyo_Shrine_Memorial_Hall_-_Seoul,_South_Korea_13-03128%269.JPG', 'http://commons.wikimedia.org/wiki/File:Dongmyo_Shrine_Memorial_Hall_-_Seoul,_South_Korea_13-03142.JPG', 'http://commons.wikimedia.org/wiki/File:Dongmyo_Shrine_West_Shrine_-_Seoul,_South_Korea_13-03124.JPG', 'http://commons.wikimedia.org/wiki/File:Dongmyo_Shrine_West_Shrine_-_Seoul,_South_Korea_13-03125.JPG', 'http://commons.wikimedia.org/wiki/File:Dongmyo_Shrine_-_Seoul,_South_Korea_13-03146.JPG', 'http://commons.wikimedia.org/wiki/File:Dongmyo_Shrine_Memorial_Hall_-_Seoul,_South_Korea_13-03140.JPG', 'http://commons.wikimedia.org/wiki/File:%EC%84%9C%EC%9A%B8_%EB%8F%99%EA%B4%80%EC%99%95%EB%AC%98_02.jpg', 'http://commons.wikimedia.org/wiki/File:Dongmyo_Shrine_Management_Office_-_Seoul,_South_Korea_13-03123.JPG', 'http://commons.wikimedia.org/wiki/File:%EC%84%9C%EC%9A%B8_%EB%8F%99%EA%B4%80%EC%99%95%EB%AC%98_03.jpg', 'http://commons.wikimedia.org/wiki/File:%EB%8F%99%EA%B4%80%EC%99%95_%EB%AC%98.jpg']"
71604,Seoul_Olympic_Park,"['http://commons.wikimedia.org/wiki/File:20180715%EC%98%AC%EB%A6%BC%ED%94%BD%EA%B3%B5%EC%9B%90_458.jpg', 'http://commons.wikimedia.org/wiki/File:20180715%EC%98%AC%EB%A6%BC%ED%94%BD%EA%B3%B5%EC%9B%90_467.jpg', 'http://commons.wikimedia.org/wiki/File:Seoul-Olympic.Park-02.jpg', 'http://commons.wikimedia.org/wiki/File:Olympic_Park.jpg', 'http://commons.wikimedia.org/wiki/File:Khitai6.jpg', 'http://commons.wikimedia.org/wiki/File:Olympicparkskorea1.jpg', 'http://commons.wikimedia.org/wiki/File:20180715%EC%98%AC%EB%A6%BC%ED%94%BD%EA%B3%B5%EC%9B%90_464.jpg', 'http://commons.wikimedia.org/wiki/File:20180715%EC%98%AC%EB%A6%BC%ED%94%BD%EA%B3%B5%EC%9B%90_466.jpg', 'http://commons.wikimedia.org/wiki/File:20180715%EC%98%AC%EB%A6%BC%ED%94%BD%EA%B3%B5%EC%9B%90_463.jpg', 'http://commons.wikimedia.org/wiki/File:Olympic_Park_%EC%98%AC%EB%A6%BC%ED%94%BD%EA%B3%B5%EC%9B%90_(5678836656).jpg', 'http://commons.wikimedia.org/wiki/File:20180715%EC%98%AC%EB%A6%BC%ED%94%BD%EA%B3%B5%EC%9B%90_461.jpg', 'http://commons.wikimedia.org/wiki/File:%EC%84%9C%EC%9A%B8_%EC%98%AC%EB%A6%BC%ED%94%BD%EA%B3%B5%EC%9B%90%EC%9D%98_%ED%92%8D%EA%B2%BD.jpg', 'http://commons.wikimedia.org/wiki/File:World_Peace_Gate,_Olympic_Park,_Seoul.jpg', 'http://commons.wikimedia.org/wiki/File:World_Peace_Gate,_Seoul_Olympic_Park.JPG']"
97055,Seoul_Plaza,"['http://commons.wikimedia.org/wiki/File:Salvation_Army_Sketch_03_(8231197475).jpg', 'http://commons.wikimedia.org/wiki/File:Salvation_Army_Sketch_05_(8231197111).jpg', 'http://commons.wikimedia.org/wiki/File:Salvation_Army_Sketch_15_(8231195003).jpg', 'http://commons.wikimedia.org/wiki/File:Salvation_Army_Sketch_12_(8232258850).jpg', 'http://commons.wikimedia.org/wiki/File:Salvation_Army_Sketch_17_(8231194579).jpg', 'http://commons.wikimedia.org/wiki/File:Salvation_Army_Sketch_11_(8232259122).jpg', 'http://commons.wikimedia.org/wiki/File:Salvation_Army_Sketch_01_(8231198059).jpg', 'http://commons.wikimedia.org/wiki/File:VIXX_LR_at_The_Salvation_Army_Kettle_Appeal_Opening_Ceremony_in_South_Korea,_in_November_2012_02.jpg', 'http://commons.wikimedia.org/wiki/File:Salvation_Army_Sketch_14_(8231195157).jpg', 'http://commons.wikimedia.org/wiki/File:Salvation_Army_Sketch_08_(8232259622).jpg', 'http://commons.wikimedia.org/wiki/File:Salvation_Army_Sketch_07_(8232259844).jpg', 'http://commons.wikimedia.org/wiki/File:Salvation_Army_Sketch_06_(8231196749).jpg', 'http://commons.wikimedia.org/wiki/File:Salvation_Army_Sketch_09_(8232259512).jpg', 'http://commons.wikimedia.org/wiki/File:Salvation_Army_Sketch_04_(8231197289).jpg', 'http://commons.wikimedia.org/wiki/File:VIXX_LR_at_The_Salvation_Army_Kettle_Appeal_Opening_Ceremony_in_South_Korea,_in_November_2012_01.jpg', 'http://commons.wikimedia.org/wiki/File:Salvation_Army_Sketch_13_(8231195369).jpg', 'http://commons.wikimedia.org/wiki/File:Salvation_Army_Sketch_10_(8232259326).jpg']"
143338,N_Seoul_Tower,"['http://commons.wikimedia.org/wiki/File:Wongwt_N_%E9%A6%96%E7%88%BE%E5%A1%94_(17128157301).jpg', 'http://commons.wikimedia.org/wiki/File:N-Seoul-Tower-2015.jpg', 'http://commons.wikimedia.org/wiki/File:Seoul_Tower_-_panoramio.jpg', 'http://commons.wikimedia.org/wiki/File:Torre_de_seul_-_panoramio.jpg', 'http://commons.wikimedia.org/wiki/File:Wongwt_N_%E9%A6%96%E7%88%BE%E5%A1%94_(16941223650).jpg', 'http://commons.wikimedia.org/wiki/File:N_Seoul_Tower_a0.jpg', 'http://commons.wikimedia.org/wiki/File:N_%EC%84%9C%EC%9A%B8%ED%83%80%EC%9B%8C.jpg', 'http://commons.wikimedia.org/wiki/File:Seoul_Tower.jpg', 'http://commons.wikimedia.org/wiki/File:N_Seoul_Tower_Lightened_up.jpg', 'http://commons.wikimedia.org/wiki/File:Wongwt_N_%E9%A6%96%E7%88%BE%E5%A1%94_(16941213800).jpg', 'http://commons.wikimedia.org/wiki/File:Wongwt_N_%E9%A6%96%E7%88%BE%E5%A1%94_(16941224890).jpg', 'http://commons.wikimedia.org/wiki/File:CABLE_CAR_TO_SEOUL_TOWER_SEOUL_CITY_SOUTH_KOREA_OCT_2012_(8213102737).jpg', 'http://commons.wikimedia.org/wiki/File:N_Seoul_Tower_at_Night-2018-09-04_(02).jpg', 'http://commons.wikimedia.org/wiki/File:Namsan_Tower_at_night,_Seoul.jpg', 'http://commons.wikimedia.org/wiki/File:N-Seoul-Tower_and_Namsan_Park_(26876783888).jpg', 'http://commons.wikimedia.org/wiki/File:Namsan_Tower,_Seoul,_South_Korea.jpg', 'http://commons.wikimedia.org/wiki/File:Wongwt_N_%E9%A6%96%E7%88%BE%E5%A1%94_(17102827166).jpg', 'http://commons.wikimedia.org/wiki/File:Wongwt_N_%E9%A6%96%E7%88%BE%E5%A1%94_(17102765646).jpg', 'http://commons.wikimedia.org/wiki/File:Namsan_Tower_sunset,_Seoul.jpg', 'http://commons.wikimedia.org/wiki/File:N_Seoul_tower.jpg', 'http://commons.wikimedia.org/wiki/File:Wongwt_N_%E9%A6%96%E7%88%BE%E5%A1%94_(16940949668).jpg', 'http://commons.wikimedia.org/wiki/File:N_Seoul_Tower_a1.jpg', 'http://commons.wikimedia.org/wiki/File:Wongwt_N_%E9%A6%96%E7%88%BE%E5%A1%94_(17128134271).jpg', 'http://commons.wikimedia.org/wiki/File:Wongwt_N_%E9%A6%96%E7%88%BE%E5%A1%94_(17128719555).jpg', 'http://commons.wikimedia.org/wiki/File:Se%C3%BAl,_Corea_Del_Sur_-_panoramio_(11).jpg', 'http://commons.wikimedia.org/wiki/File:Se%C3%BAl,_Corea_Del_Sur_-_panoramio_(12).jpg', 'http://commons.wikimedia.org/wiki/File:Se%C3%BAl,_Corea_Del_Sur_-_panoramio_(18).jpg', 'http://commons.wikimedia.org/wiki/File:Wongwt_N_%E9%A6%96%E7%88%BE%E5%A1%94_(17102828796).jpg', 'http://commons.wikimedia.org/wiki/File:Tower_Seoul_Corea_-_Asia_Photography_-_panoramio.jpg', 'http://commons.wikimedia.org/wiki/File:Wongwt_N_%E9%A6%96%E7%88%BE%E5%A1%94_(16506334544).jpg']"
160724,Seoul_Museum_of_History,"['http://commons.wikimedia.org/wiki/File:Seoul_Museum_of_History_(%EC%84%9C%EC%9A%B8%EC%97%AD%EC%82%AC%EB%B0%95%EB%AC%BC%EA%B4%80)_-_panoramio_-_%EA%B3%A8%EB%B1%85%EC%9D%B4.jpg', 'http://commons.wikimedia.org/wiki/File:Seoul_Museum_of_History_(%EC%84%9C%EC%9A%B8%EC%97%AD%EC%82%AC%EB%B0%95%EB%AC%BC%EA%B4%80)_-_panoramio.jpg']"
182144,Seoul_City_Hall,"['http://commons.wikimedia.org/wiki/File:121123%EC%84%9C%EC%9A%B8%ED%8A%B9%EB%B3%84%EC%8B%9C_SNS%ED%99%9C%EC%9A%A9_%EC%9A%B0%EC%88%98%EA%B3%B5%EB%AC%B4%EC%9B%90_%EC%8B%9C%EC%83%81%EC%8B%9D6.jpg', 'http://commons.wikimedia.org/wiki/File:121123%EC%84%9C%EC%9A%B8%ED%8A%B9%EB%B3%84%EC%8B%9C_SNS%ED%99%9C%EC%9A%A9_%EC%9A%B0%EC%88%98%EA%B3%B5%EB%AC%B4%EC%9B%90_%EC%8B%9C%EC%83%81%EC%8B%9D2.jpg', 'http://commons.wikimedia.org/wiki/File:Seoul_City_Hall_A01.JPG', 'http://commons.wikimedia.org/wiki/File:121123%EC%84%9C%EC%9A%B8%ED%8A%B9%EB%B3%84%EC%8B%9C_SNS%ED%99%9C%EC%9A%A9_%EC%9A%B0%EC%88%98%EA%B3%B5%EB%AC%B4%EC%9B%90_%EC%8B%9C%EC%83%81%EC%8B%9D9.jpg', 'http://commons.wikimedia.org/wiki/File:Old_Seoul_Keijo_City_Hall.jpg', 'http://commons.wikimedia.org/wiki/File:121123%EC%84%9C%EC%9A%B8%ED%8A%B9%EB%B3%84%EC%8B%9C_SNS%ED%99%9C%EC%9A%A9_%EC%9A%B0%EC%88%98%EA%B3%B5%EB%AC%B4%EC%9B%90_%EC%8B%9C%EC%83%81%EC%8B%9D3.jpg', 'http://commons.wikimedia.org/wiki/File:Seoul_city_hall_004.JPG', 'http://commons.wikimedia.org/wiki/File:121123%EC%84%9C%EC%9A%B8%ED%8A%B9%EB%B3%84%EC%8B%9C_SNS%ED%99%9C%EC%9A%A9_%EC%9A%B0%EC%88%98%EA%B3%B5%EB%AC%B4%EC%9B%90_%EC%8B%9C%EC%83%81%EC%8B%9D7.jpg', 'http://commons.wikimedia.org/wiki/File:2005%EB%85%84_5%EC%9B%94_5%EC%9D%BC_%EC%84%9C%EC%9A%B8%ED%8A%B9%EB%B3%84%EC%8B%9C_%EC%A2%85%EB%A1%9C%EA%B5%AC_%ED%95%98%EC%9D%B4%EC%84%9C%EC%9A%B8%ED%8E%98%EC%8A%A4%ED%8B%B0%EB%B2%8C_%ED%8D%BC%EB%A0%88%EC%9D%B4%EB%93%9C_DSC_0074.JPG', 'http://commons.wikimedia.org/wiki/File:Urbodomo_de_Seulo.jpg', 'http://commons.wikimedia.org/wiki/File:121123%EC%84%9C%EC%9A%B8%ED%8A%B9%EB%B3%84%EC%8B%9C_SNS%ED%99%9C%EC%9A%A9_%EC%9A%B0%EC%88%98%EA%B3%B5%EB%AC%B4%EC%9B%90_%EC%8B%9C%EC%83%81%EC%8B%9D4.jpg', 'http://commons.wikimedia.org/wiki/File:2012%EB%85%84_11%EC%9B%94_23%EC%9D%BC_%EC%84%9C%EC%9A%B8%ED%8A%B9%EB%B3%84%EC%8B%9C_%EA%B3%B5%EB%AC%B4%EC%9B%90_%EB%AF%BC%EA%B2%BD%EC%84%B8,_%EC%B5%9C%EA%B4%91%EB%AA%A8_%EC%83%81%EC%9E%A5%EC%88%98%EC%97%AC.jpg', 'http://commons.wikimedia.org/wiki/File:Seoul_city_hall_001.JPG', 'http://commons.wikimedia.org/wiki/File:121123%EC%84%9C%EC%9A%B8%ED%8A%B9%EB%B3%84%EC%8B%9C_SNS%ED%99%9C%EC%9A%A9_%EC%9A%B0%EC%88%98%EA%B3%B5%EB%AC%B4%EC%9B%90_%EC%8B%9C%EC%83%81%EC%8B%9D5.jpg', 'http://commons.wikimedia.org/wiki/File:Seoul_city_hall_003.JPG', 'http://commons.wikimedia.org/wiki/File:Jeongdong55.jpg', 'http://commons.wikimedia.org/wiki/File:2005%EB%85%84_5%EC%9B%94_5%EC%9D%BC_%EC%84%9C%EC%9A%B8%ED%8A%B9%EB%B3%84%EC%8B%9C_%EC%A2%85%EB%A1%9C%EA%B5%AC_%ED%95%98%EC%9D%B4%EC%84%9C%EC%9A%B8%ED%8E%98%EC%8A%A4%ED%8B%B0%EB%B2%8C_%ED%8D%BC%EB%A0%88%EC%9D%B4%EB%93%9C_DSC_0063.JPG', 'http://commons.wikimedia.org/wiki/File:Art_Deco_Seoul_City_Hall_(2263480029).jpg', 'http://commons.wikimedia.org/wiki/File:2005%EB%85%84_5%EC%9B%94_5%EC%9D%BC_%EC%84%9C%EC%9A%B8%ED%8A%B9%EB%B3%84%EC%8B%9C_%EC%A2%85%EB%A1%9C%EA%B5%AC_%ED%95%98%EC%9D%B4%EC%84%9C%EC%9A%B8%ED%8E%98%EC%8A%A4%ED%8B%B0%EB%B2%8C_%ED%8D%BC%EB%A0%88%EC%9D%B4%EB%93%9C_DSC_0058.JPG']"
21427,Gwanaksan,"['http://commons.wikimedia.org/wiki/File:%EA%B4%80%EC%95%85%EC%82%B0_%EC%97%B0%EC%A3%BC%EB%8C%80_-_panoramio.jpg', 'http://commons.wikimedia.org/wiki/File:2012%EB%85%84_1%EC%9B%94_28%EC%9D%BC_%EA%B0%95%EB%82%A8%EC%86%8C%EB%B0%A9%EC%84%9C_%EC%95%88%EC%A0%84%EA%B8%B0%EC%9B%90_%EC%A7%80%EC%8B%A0%EB%B0%9F%EA%B8%B0_%EA%B4%80%EC%95%85%EC%82%B0_%EB%93%B1%EC%82%B0-P1020400.JPG', 'http://commons.wikimedia.org/wiki/File:2012%EB%85%84_1%EC%9B%94_28%EC%9D%BC_%EA%B0%95%EB%82%A8%EC%86%8C%EB%B0%A9%EC%84%9C_%EC%95%88%EC%A0%84%EA%B8%B0%EC%9B%90_%EC%A7%80%EC%8B%A0%EB%B0%9F%EA%B8%B0_%EA%B4%80%EC%95%85%EC%82%B0_%EB%93%B1%EC%82%B0-P1020393.JPG', 'http://commons.wikimedia.org/wiki/File:2012%EB%85%84_1%EC%9B%94_28%EC%9D%BC_%EA%B0%95%EB%82%A8%EC%86%8C%EB%B0%A9%EC%84%9C_%EC%95%88%EC%A0%84%EA%B8%B0%EC%9B%90_%EC%A7%80%EC%8B%A0%EB%B0%9F%EA%B8%B0_%EA%B4%80%EC%95%85%EC%82%B0_%EB%93%B1%EC%82%B0-P1020365.JPG', 'http://commons.wikimedia.org/wiki/File:2012%EB%85%84_1%EC%9B%94_28%EC%9D%BC_%EA%B0%95%EB%82%A8%EC%86%8C%EB%B0%A9%EC%84%9C_%EC%95%88%EC%A0%84%EA%B8%B0%EC%9B%90_%EC%A7%80%EC%8B%A0%EB%B0%9F%EA%B8%B0_%EA%B4%80%EC%95%85%EC%82%B0_%EB%93%B1%EC%82%B0-P1020390.JPG', 'http://commons.wikimedia.org/wiki/File:2012%EB%85%84_1%EC%9B%94_28%EC%9D%BC_%EA%B0%95%EB%82%A8%EC%86%8C%EB%B0%A9%EC%84%9C_%EC%95%88%EC%A0%84%EA%B8%B0%EC%9B%90_%EC%A7%80%EC%8B%A0%EB%B0%9F%EA%B8%B0_%EA%B4%80%EC%95%85%EC%82%B0_%EB%93%B1%EC%82%B0-P1020363.JPG', 'http://commons.wikimedia.org/wiki/File:2012%EB%85%84_1%EC%9B%94_28%EC%9D%BC_%EA%B0%95%EB%82%A8%EC%86%8C%EB%B0%A9%EC%84%9C_%EC%95%88%EC%A0%84%EA%B8%B0%EC%9B%90_%EC%A7%80%EC%8B%A0%EB%B0%9F%EA%B8%B0_%EA%B4%80%EC%95%85%EC%82%B0_%EB%93%B1%EC%82%B0-P1020391.JPG', 'http://commons.wikimedia.org/wiki/File:2012%EB%85%84_1%EC%9B%94_28%EC%9D%BC_%EA%B0%95%EB%82%A8%EC%86%8C%EB%B0%A9%EC%84%9C_%EC%95%88%EC%A0%84%EA%B8%B0%EC%9B%90_%EC%A7%80%EC%8B%A0%EB%B0%9F%EA%B8%B0_%EA%B4%80%EC%95%85%EC%82%B0_%EB%93%B1%EC%82%B0-P1020389.JPG', 'http://commons.wikimedia.org/wiki/File:2012%EB%85%84_1%EC%9B%94_28%EC%9D%BC_%EA%B0%95%EB%82%A8%EC%86%8C%EB%B0%A9%EC%84%9C_%EC%95%88%EC%A0%84%EA%B8%B0%EC%9B%90_%EC%A7%80%EC%8B%A0%EB%B0%9F%EA%B8%B0_%EA%B4%80%EC%95%85%EC%82%B0_%EB%93%B1%EC%82%B0-P1020366.JPG', 'http://commons.wikimedia.org/wiki/File:2012%EB%85%84_1%EC%9B%94_28%EC%9D%BC_%EA%B0%95%EB%82%A8%EC%86%8C%EB%B0%A9%EC%84%9C_%EC%95%88%EC%A0%84%EA%B8%B0%EC%9B%90_%EC%A7%80%EC%8B%A0%EB%B0%9F%EA%B8%B0_%EA%B4%80%EC%95%85%EC%82%B0_%EB%93%B1%EC%82%B0-P1020399.JPG', 'http://commons.wikimedia.org/wiki/File:2012%EB%85%84_1%EC%9B%94_28%EC%9D%BC_%EA%B0%95%EB%82%A8%EC%86%8C%EB%B0%A9%EC%84%9C_%EC%95%88%EC%A0%84%EA%B8%B0%EC%9B%90_%EC%A7%80%EC%8B%A0%EB%B0%9F%EA%B8%B0_%EA%B4%80%EC%95%85%EC%82%B0_%EB%93%B1%EC%82%B0-P1020401.JPG', 'http://commons.wikimedia.org/wiki/File:2012%EB%85%84_1%EC%9B%94_28%EC%9D%BC_%EA%B0%95%EB%82%A8%EC%86%8C%EB%B0%A9%EC%84%9C_%EC%95%88%EC%A0%84%EA%B8%B0%EC%9B%90_%EC%A7%80%EC%8B%A0%EB%B0%9F%EA%B8%B0_%EA%B4%80%EC%95%85%EC%82%B0_%EB%93%B1%EC%82%B0-P1020398.JPG', 'http://commons.wikimedia.org/wiki/File:2012%EB%85%84_1%EC%9B%94_28%EC%9D%BC_%EA%B0%95%EB%82%A8%EC%86%8C%EB%B0%A9%EC%84%9C_%EC%95%88%EC%A0%84%EA%B8%B0%EC%9B%90_%EC%A7%80%EC%8B%A0%EB%B0%9F%EA%B8%B0_%EA%B4%80%EC%95%85%EC%82%B0_%EB%93%B1%EC%82%B0-P1020397.JPG', 'http://commons.wikimedia.org/wiki/File:2012%EB%85%84_1%EC%9B%94_28%EC%9D%BC_%EA%B0%95%EB%82%A8%EC%86%8C%EB%B0%A9%EC%84%9C_%EC%95%88%EC%A0%84%EA%B8%B0%EC%9B%90_%EC%A7%80%EC%8B%A0%EB%B0%9F%EA%B8%B0_%EA%B4%80%EC%95%85%EC%82%B0_%EB%93%B1%EC%82%B0-P1020381.JPG', 'http://commons.wikimedia.org/wiki/File:2012%EB%85%84_1%EC%9B%94_28%EC%9D%BC_%EA%B0%95%EB%82%A8%EC%86%8C%EB%B0%A9%EC%84%9C_%EC%95%88%EC%A0%84%EA%B8%B0%EC%9B%90_%EC%A7%80%EC%8B%A0%EB%B0%9F%EA%B8%B0_%EA%B4%80%EC%95%85%EC%82%B0_%EB%93%B1%EC%82%B0-P1020364.JPG', 'http://commons.wikimedia.org/wiki/File:2012%EB%85%84_1%EC%9B%94_28%EC%9D%BC_%EA%B0%95%EB%82%A8%EC%86%8C%EB%B0%A9%EC%84%9C_%EC%95%88%EC%A0%84%EA%B8%B0%EC%9B%90_%EC%A7%80%EC%8B%A0%EB%B0%9F%EA%B8%B0_%EA%B4%80%EC%95%85%EC%82%B0_%EB%93%B1%EC%82%B0-P1020379.JPG', 'http://commons.wikimedia.org/wiki/File:Yeonjudae_top.jpg', 'http://commons.wikimedia.org/wiki/File:Yeonjudae,_2011-03-26.jpg', 'http://commons.wikimedia.org/wiki/File:2012%EB%85%84_1%EC%9B%94_28%EC%9D%BC_%EA%B0%95%EB%82%A8%EC%86%8C%EB%B0%A9%EC%84%9C_%EC%95%88%EC%A0%84%EA%B8%B0%EC%9B%90_%EC%A7%80%EC%8B%A0%EB%B0%9F%EA%B8%B0_%EA%B4%80%EC%95%85%EC%82%B0_%EB%93%B1%EC%82%B0-P1020362.JPG', 'http://commons.wikimedia.org/wiki/File:%EA%B4%80%EC%95%85%EC%82%B0_%EA%B8%B0%EC%83%81%EB%8C%80_-_panoramio.jpg', 'http://commons.wikimedia.org/wiki/File:2012%EB%85%84_1%EC%9B%94_28%EC%9D%BC_%EA%B0%95%EB%82%A8%EC%86%8C%EB%B0%A9%EC%84%9C_%EC%95%88%EC%A0%84%EA%B8%B0%EC%9B%90_%EC%A7%80%EC%8B%A0%EB%B0%9F%EA%B8%B0_%EA%B4%80%EC%95%85%EC%82%B0_%EB%93%B1%EC%82%B0-P1020392.JPG', 'http://commons.wikimedia.org/wiki/File:Yeonjuam_hermitage.jpg']"
25662,Seoul_National_Cemetery,"['http://commons.wikimedia.org/wiki/File:131203%EC%84%9C%EC%9A%B8%ED%8A%B9%EB%B3%84%EC%8B%9C_119%ED%8A%B9%EC%88%98%EA%B5%AC%EC%A1%B0%EB%8B%A8_%EC%9E%A5%EB%B3%B5%EC%88%98,_%EA%B6%8C%EC%9A%A9%EA%B0%81_%EB%8C%80%EC%9B%90_3%EC%A3%BC%EA%B8%B0_%EC%B6%94%EB%AA%A8%EC%8B%9D52.jpg', 'http://commons.wikimedia.org/wiki/File:131203%EC%84%9C%EC%9A%B8%ED%8A%B9%EB%B3%84%EC%8B%9C_119%ED%8A%B9%EC%88%98%EA%B5%AC%EC%A1%B0%EB%8B%A8_%EC%9E%A5%EB%B3%B5%EC%88%98,_%EA%B6%8C%EC%9A%A9%EA%B0%81_%EB%8C%80%EC%9B%90_3%EC%A3%BC%EA%B8%B0_%EC%B6%94%EB%AA%A8%EC%8B%9D51.jpg', 'http://commons.wikimedia.org/wiki/File:131203%EC%84%9C%EC%9A%B8%ED%8A%B9%EB%B3%84%EC%8B%9C_119%ED%8A%B9%EC%88%98%EA%B5%AC%EC%A1%B0%EB%8B%A8_%EC%9E%A5%EB%B3%B5%EC%88%98,_%EA%B6%8C%EC%9A%A9%EA%B0%81_%EB%8C%80%EC%9B%90_3%EC%A3%BC%EA%B8%B0_%EC%B6%94%EB%AA%A8%EC%8B%9D24.jpg', 'http://commons.wikimedia.org/wiki/File:131203%EC%84%9C%EC%9A%B8%ED%8A%B9%EB%B3%84%EC%8B%9C_119%ED%8A%B9%EC%88%98%EA%B5%AC%EC%A1%B0%EB%8B%A8_%EC%9E%A5%EB%B3%B5%EC%88%98,_%EA%B6%8C%EC%9A%A9%EA%B0%81_%EB%8C%80%EC%9B%90_3%EC%A3%BC%EA%B8%B0_%EC%B6%94%EB%AA%A8%EC%8B%9D27.jpg', 'http://commons.wikimedia.org/wiki/File:131203%EC%84%9C%EC%9A%B8%ED%8A%B9%EB%B3%84%EC%8B%9C_119%ED%8A%B9%EC%88%98%EA%B5%AC%EC%A1%B0%EB%8B%A8_%EC%9E%A5%EB%B3%B5%EC%88%98,_%EA%B6%8C%EC%9A%A9%EA%B0%81_%EB%8C%80%EC%9B%90_3%EC%A3%BC%EA%B8%B0_%EC%B6%94%EB%AA%A8%EC%8B%9D02.jpg', 'http://commons.wikimedia.org/wiki/File:131203%EC%84%9C%EC%9A%B8%ED%8A%B9%EB%B3%84%EC%8B%9C_119%ED%8A%B9%EC%88%98%EA%B5%AC%EC%A1%B0%EB%8B%A8_%EC%9E%A5%EB%B3%B5%EC%88%98,_%EA%B6%8C%EC%9A%A9%EA%B0%81_%EB%8C%80%EC%9B%90_3%EC%A3%BC%EA%B8%B0_%EC%B6%94%EB%AA%A8%EC%8B%9D46.jpg', 'http://commons.wikimedia.org/wiki/File:131203%EC%84%9C%EC%9A%B8%ED%8A%B9%EB%B3%84%EC%8B%9C_119%ED%8A%B9%EC%88%98%EA%B5%AC%EC%A1%B0%EB%8B%A8_%EC%9E%A5%EB%B3%B5%EC%88%98,_%EA%B6%8C%EC%9A%A9%EA%B0%81_%EB%8C%80%EC%9B%90_3%EC%A3%BC%EA%B8%B0_%EC%B6%94%EB%AA%A8%EC%8B%9D49.jpg', 'http://commons.wikimedia.org/wiki/File:131203%EC%84%9C%EC%9A%B8%ED%8A%B9%EB%B3%84%EC%8B%9C_119%ED%8A%B9%EC%88%98%EA%B5%AC%EC%A1%B0%EB%8B%A8_%EC%9E%A5%EB%B3%B5%EC%88%98,_%EA%B6%8C%EC%9A%A9%EA%B0%81_%EB%8C%80%EC%9B%90_3%EC%A3%BC%EA%B8%B0_%EC%B6%94%EB%AA%A8%EC%8B%9D01.jpg', 'http://commons.wikimedia.org/wiki/File:131203%EC%84%9C%EC%9A%B8%ED%8A%B9%EB%B3%84%EC%8B%9C_119%ED%8A%B9%EC%88%98%EA%B5%AC%EC%A1%B0%EB%8B%A8_%EC%9E%A5%EB%B3%B5%EC%88%98,_%EA%B6%8C%EC%9A%A9%EA%B0%81_%EB%8C%80%EC%9B%90_3%EC%A3%BC%EA%B8%B0_%EC%B6%94%EB%AA%A8%EC%8B%9D56.jpg', 'http://commons.wikimedia.org/wiki/File:131203%EC%84%9C%EC%9A%B8%ED%8A%B9%EB%B3%84%EC%8B%9C_119%ED%8A%B9%EC%88%98%EA%B5%AC%EC%A1%B0%EB%8B%A8_%EC%9E%A5%EB%B3%B5%EC%88%98,_%EA%B6%8C%EC%9A%A9%EA%B0%81_%EB%8C%80%EC%9B%90_3%EC%A3%BC%EA%B8%B0_%EC%B6%94%EB%AA%A8%EC%8B%9D39.jpg', 'http://commons.wikimedia.org/wiki/File:131203%EC%84%9C%EC%9A%B8%ED%8A%B9%EB%B3%84%EC%8B%9C_119%ED%8A%B9%EC%88%98%EA%B5%AC%EC%A1%B0%EB%8B%A8_%EC%9E%A5%EB%B3%B5%EC%88%98,_%EA%B6%8C%EC%9A%A9%EA%B0%81_%EB%8C%80%EC%9B%90_3%EC%A3%BC%EA%B8%B0_%EC%B6%94%EB%AA%A8%EC%8B%9D55.jpg', 'http://commons.wikimedia.org/wiki/File:Leon_Panetta_lays_a_wreath,_Seoul_National_Cemetery_(3).jpg', 'http://commons.wikimedia.org/wiki/File:131203%EC%84%9C%EC%9A%B8%ED%8A%B9%EB%B3%84%EC%8B%9C_119%ED%8A%B9%EC%88%98%EA%B5%AC%EC%A1%B0%EB%8B%A8_%EC%9E%A5%EB%B3%B5%EC%88%98,_%EA%B6%8C%EC%9A%A9%EA%B0%81_%EB%8C%80%EC%9B%90_3%EC%A3%BC%EA%B8%B0_%EC%B6%94%EB%AA%A8%EC%8B%9D10.jpg', 'http://commons.wikimedia.org/wiki/File:131203%EC%84%9C%EC%9A%B8%ED%8A%B9%EB%B3%84%EC%8B%9C_119%ED%8A%B9%EC%88%98%EA%B5%AC%EC%A1%B0%EB%8B%A8_%EC%9E%A5%EB%B3%B5%EC%88%98,_%EA%B6%8C%EC%9A%A9%EA%B0%81_%EB%8C%80%EC%9B%90_3%EC%A3%BC%EA%B8%B0_%EC%B6%94%EB%AA%A8%EC%8B%9D29.jpg', 'http://commons.wikimedia.org/wiki/File:131203%EC%84%9C%EC%9A%B8%ED%8A%B9%EB%B3%84%EC%8B%9C_119%ED%8A%B9%EC%88%98%EA%B5%AC%EC%A1%B0%EB%8B%A8_%EC%9E%A5%EB%B3%B5%EC%88%98,_%EA%B6%8C%EC%9A%A9%EA%B0%81_%EB%8C%80%EC%9B%90_3%EC%A3%BC%EA%B8%B0_%EC%B6%94%EB%AA%A8%EC%8B%9D09.jpg', 'http://commons.wikimedia.org/wiki/File:131203%EC%84%9C%EC%9A%B8%ED%8A%B9%EB%B3%84%EC%8B%9C_119%ED%8A%B9%EC%88%98%EA%B5%AC%EC%A1%B0%EB%8B%A8_%EC%9E%A5%EB%B3%B5%EC%88%98,_%EA%B6%8C%EC%9A%A9%EA%B0%81_%EB%8C%80%EC%9B%90_3%EC%A3%BC%EA%B8%B0_%EC%B6%94%EB%AA%A8%EC%8B%9D32.jpg', 'http://commons.wikimedia.org/wiki/File:131203%EC%84%9C%EC%9A%B8%ED%8A%B9%EB%B3%84%EC%8B%9C_119%ED%8A%B9%EC%88%98%EA%B5%AC%EC%A1%B0%EB%8B%A8_%EC%9E%A5%EB%B3%B5%EC%88%98,_%EA%B6%8C%EC%9A%A9%EA%B0%81_%EB%8C%80%EC%9B%90_3%EC%A3%BC%EA%B8%B0_%EC%B6%94%EB%AA%A8%EC%8B%9D42.jpg', 'http://commons.wikimedia.org/wiki/File:131203%EC%84%9C%EC%9A%B8%ED%8A%B9%EB%B3%84%EC%8B%9C_119%ED%8A%B9%EC%88%98%EA%B5%AC%EC%A1%B0%EB%8B%A8_%EC%9E%A5%EB%B3%B5%EC%88%98,_%EA%B6%8C%EC%9A%A9%EA%B0%81_%EB%8C%80%EC%9B%90_3%EC%A3%BC%EA%B8%B0_%EC%B6%94%EB%AA%A8%EC%8B%9D50.jpg', 'http://commons.wikimedia.org/wiki/File:KOCIS_Commemorating_National_Memorial_day_(4676541685).jpg', 'http://commons.wikimedia.org/wiki/File:131203%EC%84%9C%EC%9A%B8%ED%8A%B9%EB%B3%84%EC%8B%9C_119%ED%8A%B9%EC%88%98%EA%B5%AC%EC%A1%B0%EB%8B%A8_%EC%9E%A5%EB%B3%B5%EC%88%98,_%EA%B6%8C%EC%9A%A9%EA%B0%81_%EB%8C%80%EC%9B%90_3%EC%A3%BC%EA%B8%B0_%EC%B6%94%EB%AA%A8%EC%8B%9D22.jpg', 'http://commons.wikimedia.org/wiki/File:131203%EC%84%9C%EC%9A%B8%ED%8A%B9%EB%B3%84%EC%8B%9C_119%ED%8A%B9%EC%88%98%EA%B5%AC%EC%A1%B0%EB%8B%A8_%EC%9E%A5%EB%B3%B5%EC%88%98,_%EA%B6%8C%EC%9A%A9%EA%B0%81_%EB%8C%80%EC%9B%90_3%EC%A3%BC%EA%B8%B0_%EC%B6%94%EB%AA%A8%EC%8B%9D34.jpg', 'http://commons.wikimedia.org/wiki/File:131203%EC%84%9C%EC%9A%B8%ED%8A%B9%EB%B3%84%EC%8B%9C_119%ED%8A%B9%EC%88%98%EA%B5%AC%EC%A1%B0%EB%8B%A8_%EC%9E%A5%EB%B3%B5%EC%88%98,_%EA%B6%8C%EC%9A%A9%EA%B0%81_%EB%8C%80%EC%9B%90_3%EC%A3%BC%EA%B8%B0_%EC%B6%94%EB%AA%A8%EC%8B%9D35.jpg', 'http://commons.wikimedia.org/wiki/File:131203%EC%84%9C%EC%9A%B8%ED%8A%B9%EB%B3%84%EC%8B%9C_119%ED%8A%B9%EC%88%98%EA%B5%AC%EC%A1%B0%EB%8B%A8_%EC%9E%A5%EB%B3%B5%EC%88%98,_%EA%B6%8C%EC%9A%A9%EA%B0%81_%EB%8C%80%EC%9B%90_3%EC%A3%BC%EA%B8%B0_%EC%B6%94%EB%AA%A8%EC%8B%9D30.jpg', 'http://commons.wikimedia.org/wiki/File:131203%EC%84%9C%EC%9A%B8%ED%8A%B9%EB%B3%84%EC%8B%9C_119%ED%8A%B9%EC%88%98%EA%B5%AC%EC%A1%B0%EB%8B%A8_%EC%9E%A5%EB%B3%B5%EC%88%98,_%EA%B6%8C%EC%9A%A9%EA%B0%81_%EB%8C%80%EC%9B%90_3%EC%A3%BC%EA%B8%B0_%EC%B6%94%EB%AA%A8%EC%8B%9D45.jpg', 'http://commons.wikimedia.org/wiki/File:131203%EC%84%9C%EC%9A%B8%ED%8A%B9%EB%B3%84%EC%8B%9C_119%ED%8A%B9%EC%88%98%EA%B5%AC%EC%A1%B0%EB%8B%A8_%EC%9E%A5%EB%B3%B5%EC%88%98,_%EA%B6%8C%EC%9A%A9%EA%B0%81_%EB%8C%80%EC%9B%90_3%EC%A3%BC%EA%B8%B0_%EC%B6%94%EB%AA%A8%EC%8B%9D48.jpg', 'http://commons.wikimedia.org/wiki/File:131203%EC%84%9C%EC%9A%B8%ED%8A%B9%EB%B3%84%EC%8B%9C_119%ED%8A%B9%EC%88%98%EA%B5%AC%EC%A1%B0%EB%8B%A8_%EC%9E%A5%EB%B3%B5%EC%88%98,_%EA%B6%8C%EC%9A%A9%EA%B0%81_%EB%8C%80%EC%9B%90_3%EC%A3%BC%EA%B8%B0_%EC%B6%94%EB%AA%A8%EC%8B%9D36.jpg', 'http://commons.wikimedia.org/wiki/File:131203%EC%84%9C%EC%9A%B8%ED%8A%B9%EB%B3%84%EC%8B%9C_119%ED%8A%B9%EC%88%98%EA%B5%AC%EC%A1%B0%EB%8B%A8_%EC%9E%A5%EB%B3%B5%EC%88%98,_%EA%B6%8C%EC%9A%A9%EA%B0%81_%EB%8C%80%EC%9B%90_3%EC%A3%BC%EA%B8%B0_%EC%B6%94%EB%AA%A8%EC%8B%9D12.jpg', 'http://commons.wikimedia.org/wiki/File:131203%EC%84%9C%EC%9A%B8%ED%8A%B9%EB%B3%84%EC%8B%9C_119%ED%8A%B9%EC%88%98%EA%B5%AC%EC%A1%B0%EB%8B%A8_%EC%9E%A5%EB%B3%B5%EC%88%98,_%EA%B6%8C%EC%9A%A9%EA%B0%81_%EB%8C%80%EC%9B%90_3%EC%A3%BC%EA%B8%B0_%EC%B6%94%EB%AA%A8%EC%8B%9D15.jpg', 'http://commons.wikimedia.org/wiki/File:President_Lee_visiting_the_National_Cemetery_on_the_first_day_of_2009.jpg', 'http://commons.wikimedia.org/wiki/File:131203%EC%84%9C%EC%9A%B8%ED%8A%B9%EB%B3%84%EC%8B%9C_119%ED%8A%B9%EC%88%98%EA%B5%AC%EC%A1%B0%EB%8B%A8_%EC%9E%A5%EB%B3%B5%EC%88%98,_%EA%B6%8C%EC%9A%A9%EA%B0%81_%EB%8C%80%EC%9B%90_3%EC%A3%BC%EA%B8%B0_%EC%B6%94%EB%AA%A8%EC%8B%9D31.jpg', 'http://commons.wikimedia.org/wiki/File:131203%EC%84%9C%EC%9A%B8%ED%8A%B9%EB%B3%84%EC%8B%9C_119%ED%8A%B9%EC%88%98%EA%B5%AC%EC%A1%B0%EB%8B%A8_%EC%9E%A5%EB%B3%B5%EC%88%98,_%EA%B6%8C%EC%9A%A9%EA%B0%81_%EB%8C%80%EC%9B%90_3%EC%A3%BC%EA%B8%B0_%EC%B6%94%EB%AA%A8%EC%8B%9D14.jpg', 'http://commons.wikimedia.org/wiki/File:131203%EC%84%9C%EC%9A%B8%ED%8A%B9%EB%B3%84%EC%8B%9C_119%ED%8A%B9%EC%88%98%EA%B5%AC%EC%A1%B0%EB%8B%A8_%EC%9E%A5%EB%B3%B5%EC%88%98,_%EA%B6%8C%EC%9A%A9%EA%B0%81_%EB%8C%80%EC%9B%90_3%EC%A3%BC%EA%B8%B0_%EC%B6%94%EB%AA%A8%EC%8B%9D23.jpg', 'http://commons.wikimedia.org/wiki/File:131203%EC%84%9C%EC%9A%B8%ED%8A%B9%EB%B3%84%EC%8B%9C_119%ED%8A%B9%EC%88%98%EA%B5%AC%EC%A1%B0%EB%8B%A8_%EC%9E%A5%EB%B3%B5%EC%88%98,_%EA%B6%8C%EC%9A%A9%EA%B0%81_%EB%8C%80%EC%9B%90_3%EC%A3%BC%EA%B8%B0_%EC%B6%94%EB%AA%A8%EC%8B%9D37.jpg', 'http://commons.wikimedia.org/wiki/File:131203%EC%84%9C%EC%9A%B8%ED%8A%B9%EB%B3%84%EC%8B%9C_119%ED%8A%B9%EC%88%98%EA%B5%AC%EC%A1%B0%EB%8B%A8_%EC%9E%A5%EB%B3%B5%EC%88%98,_%EA%B6%8C%EC%9A%A9%EA%B0%81_%EB%8C%80%EC%9B%90_3%EC%A3%BC%EA%B8%B0_%EC%B6%94%EB%AA%A8%EC%8B%9D47.jpg', 'http://commons.wikimedia.org/wiki/File:131203%EC%84%9C%EC%9A%B8%ED%8A%B9%EB%B3%84%EC%8B%9C_119%ED%8A%B9%EC%88%98%EA%B5%AC%EC%A1%B0%EB%8B%A8_%EC%9E%A5%EB%B3%B5%EC%88%98,_%EA%B6%8C%EC%9A%A9%EA%B0%81_%EB%8C%80%EC%9B%90_3%EC%A3%BC%EA%B8%B0_%EC%B6%94%EB%AA%A8%EC%8B%9D07.jpg', 'http://commons.wikimedia.org/wiki/File:131203%EC%84%9C%EC%9A%B8%ED%8A%B9%EB%B3%84%EC%8B%9C_119%ED%8A%B9%EC%88%98%EA%B5%AC%EC%A1%B0%EB%8B%A8_%EC%9E%A5%EB%B3%B5%EC%88%98,_%EA%B6%8C%EC%9A%A9%EA%B0%81_%EB%8C%80%EC%9B%90_3%EC%A3%BC%EA%B8%B0_%EC%B6%94%EB%AA%A8%EC%8B%9D21.jpg', 'http://commons.wikimedia.org/wiki/File:Leon_Panetta_lays_a_wreath,_Seoul_National_Cemetery_(4).jpg', 'http://commons.wikimedia.org/wiki/File:131203%EC%84%9C%EC%9A%B8%ED%8A%B9%EB%B3%84%EC%8B%9C_119%ED%8A%B9%EC%88%98%EA%B5%AC%EC%A1%B0%EB%8B%A8_%EC%9E%A5%EB%B3%B5%EC%88%98,_%EA%B6%8C%EC%9A%A9%EA%B0%81_%EB%8C%80%EC%9B%90_3%EC%A3%BC%EA%B8%B0_%EC%B6%94%EB%AA%A8%EC%8B%9D57.jpg', 'http://commons.wikimedia.org/wiki/File:131203%EC%84%9C%EC%9A%B8%ED%8A%B9%EB%B3%84%EC%8B%9C_119%ED%8A%B9%EC%88%98%EA%B5%AC%EC%A1%B0%EB%8B%A8_%EC%9E%A5%EB%B3%B5%EC%88%98,_%EA%B6%8C%EC%9A%A9%EA%B0%81_%EB%8C%80%EC%9B%90_3%EC%A3%BC%EA%B8%B0_%EC%B6%94%EB%AA%A8%EC%8B%9D44.jpg', 'http://commons.wikimedia.org/wiki/File:131203%EC%84%9C%EC%9A%B8%ED%8A%B9%EB%B3%84%EC%8B%9C_119%ED%8A%B9%EC%88%98%EA%B5%AC%EC%A1%B0%EB%8B%A8_%EC%9E%A5%EB%B3%B5%EC%88%98,_%EA%B6%8C%EC%9A%A9%EA%B0%81_%EB%8C%80%EC%9B%90_3%EC%A3%BC%EA%B8%B0_%EC%B6%94%EB%AA%A8%EC%8B%9D03.jpg', 'http://commons.wikimedia.org/wiki/File:131203%EC%84%9C%EC%9A%B8%ED%8A%B9%EB%B3%84%EC%8B%9C_119%ED%8A%B9%EC%88%98%EA%B5%AC%EC%A1%B0%EB%8B%A8_%EC%9E%A5%EB%B3%B5%EC%88%98,_%EA%B6%8C%EC%9A%A9%EA%B0%81_%EB%8C%80%EC%9B%90_3%EC%A3%BC%EA%B8%B0_%EC%B6%94%EB%AA%A8%EC%8B%9D54.jpg', 'http://commons.wikimedia.org/wiki/File:131203%EC%84%9C%EC%9A%B8%ED%8A%B9%EB%B3%84%EC%8B%9C_119%ED%8A%B9%EC%88%98%EA%B5%AC%EC%A1%B0%EB%8B%A8_%EC%9E%A5%EB%B3%B5%EC%88%98,_%EA%B6%8C%EC%9A%A9%EA%B0%81_%EB%8C%80%EC%9B%90_3%EC%A3%BC%EA%B8%B0_%EC%B6%94%EB%AA%A8%EC%8B%9D16.jpg', 'http://commons.wikimedia.org/wiki/File:131203%EC%84%9C%EC%9A%B8%ED%8A%B9%EB%B3%84%EC%8B%9C_119%ED%8A%B9%EC%88%98%EA%B5%AC%EC%A1%B0%EB%8B%A8_%EC%9E%A5%EB%B3%B5%EC%88%98,_%EA%B6%8C%EC%9A%A9%EA%B0%81_%EB%8C%80%EC%9B%90_3%EC%A3%BC%EA%B8%B0_%EC%B6%94%EB%AA%A8%EC%8B%9D17.jpg', 'http://commons.wikimedia.org/wiki/File:131203%EC%84%9C%EC%9A%B8%ED%8A%B9%EB%B3%84%EC%8B%9C_119%ED%8A%B9%EC%88%98%EA%B5%AC%EC%A1%B0%EB%8B%A8_%EC%9E%A5%EB%B3%B5%EC%88%98,_%EA%B6%8C%EC%9A%A9%EA%B0%81_%EB%8C%80%EC%9B%90_3%EC%A3%BC%EA%B8%B0_%EC%B6%94%EB%AA%A8%EC%8B%9D38.jpg', 'http://commons.wikimedia.org/wiki/File:131203%EC%84%9C%EC%9A%B8%ED%8A%B9%EB%B3%84%EC%8B%9C_119%ED%8A%B9%EC%88%98%EA%B5%AC%EC%A1%B0%EB%8B%A8_%EC%9E%A5%EB%B3%B5%EC%88%98,_%EA%B6%8C%EC%9A%A9%EA%B0%81_%EB%8C%80%EC%9B%90_3%EC%A3%BC%EA%B8%B0_%EC%B6%94%EB%AA%A8%EC%8B%9D40.jpg', 'http://commons.wikimedia.org/wiki/File:131203%EC%84%9C%EC%9A%B8%ED%8A%B9%EB%B3%84%EC%8B%9C_119%ED%8A%B9%EC%88%98%EA%B5%AC%EC%A1%B0%EB%8B%A8_%EC%9E%A5%EB%B3%B5%EC%88%98,_%EA%B6%8C%EC%9A%A9%EA%B0%81_%EB%8C%80%EC%9B%90_3%EC%A3%BC%EA%B8%B0_%EC%B6%94%EB%AA%A8%EC%8B%9D41.jpg', 'http://commons.wikimedia.org/wiki/File:131203%EC%84%9C%EC%9A%B8%ED%8A%B9%EB%B3%84%EC%8B%9C_119%ED%8A%B9%EC%88%98%EA%B5%AC%EC%A1%B0%EB%8B%A8_%EC%9E%A5%EB%B3%B5%EC%88%98,_%EA%B6%8C%EC%9A%A9%EA%B0%81_%EB%8C%80%EC%9B%90_3%EC%A3%BC%EA%B8%B0_%EC%B6%94%EB%AA%A8%EC%8B%9D05.jpg', 'http://commons.wikimedia.org/wiki/File:131203%EC%84%9C%EC%9A%B8%ED%8A%B9%EB%B3%84%EC%8B%9C_119%ED%8A%B9%EC%88%98%EA%B5%AC%EC%A1%B0%EB%8B%A8_%EC%9E%A5%EB%B3%B5%EC%88%98,_%EA%B6%8C%EC%9A%A9%EA%B0%81_%EB%8C%80%EC%9B%90_3%EC%A3%BC%EA%B8%B0_%EC%B6%94%EB%AA%A8%EC%8B%9D26.jpg', 'http://commons.wikimedia.org/wiki/File:131203%EC%84%9C%EC%9A%B8%ED%8A%B9%EB%B3%84%EC%8B%9C_119%ED%8A%B9%EC%88%98%EA%B5%AC%EC%A1%B0%EB%8B%A8_%EC%9E%A5%EB%B3%B5%EC%88%98,_%EA%B6%8C%EC%9A%A9%EA%B0%81_%EB%8C%80%EC%9B%90_3%EC%A3%BC%EA%B8%B0_%EC%B6%94%EB%AA%A8%EC%8B%9D04.jpg', 'http://commons.wikimedia.org/wiki/File:KOCIS_KoreanWar_Veterans_Korea_20130726_04_(9376558618).jpg', 'http://commons.wikimedia.org/wiki/File:131203%EC%84%9C%EC%9A%B8%ED%8A%B9%EB%B3%84%EC%8B%9C_119%ED%8A%B9%EC%88%98%EA%B5%AC%EC%A1%B0%EB%8B%A8_%EC%9E%A5%EB%B3%B5%EC%88%98,_%EA%B6%8C%EC%9A%A9%EA%B0%81_%EB%8C%80%EC%9B%90_3%EC%A3%BC%EA%B8%B0_%EC%B6%94%EB%AA%A8%EC%8B%9D25.jpg', 'http://commons.wikimedia.org/wiki/File:KOCIS_KoreanWar_Veterans_Korea_20130726_06_(9376557784).jpg', 'http://commons.wikimedia.org/wiki/File:131203%EC%84%9C%EC%9A%B8%ED%8A%B9%EB%B3%84%EC%8B%9C_119%ED%8A%B9%EC%88%98%EA%B5%AC%EC%A1%B0%EB%8B%A8_%EC%9E%A5%EB%B3%B5%EC%88%98,_%EA%B6%8C%EC%9A%A9%EA%B0%81_%EB%8C%80%EC%9B%90_3%EC%A3%BC%EA%B8%B0_%EC%B6%94%EB%AA%A8%EC%8B%9D43.jpg', 'http://commons.wikimedia.org/wiki/File:131203%EC%84%9C%EC%9A%B8%ED%8A%B9%EB%B3%84%EC%8B%9C_119%ED%8A%B9%EC%88%98%EA%B5%AC%EC%A1%B0%EB%8B%A8_%EC%9E%A5%EB%B3%B5%EC%88%98,_%EA%B6%8C%EC%9A%A9%EA%B0%81_%EB%8C%80%EC%9B%90_3%EC%A3%BC%EA%B8%B0_%EC%B6%94%EB%AA%A8%EC%8B%9D18.jpg', 'http://commons.wikimedia.org/wiki/File:131203%EC%84%9C%EC%9A%B8%ED%8A%B9%EB%B3%84%EC%8B%9C_119%ED%8A%B9%EC%88%98%EA%B5%AC%EC%A1%B0%EB%8B%A8_%EC%9E%A5%EB%B3%B5%EC%88%98,_%EA%B6%8C%EC%9A%A9%EA%B0%81_%EB%8C%80%EC%9B%90_3%EC%A3%BC%EA%B8%B0_%EC%B6%94%EB%AA%A8%EC%8B%9D11.jpg', 'http://commons.wikimedia.org/wiki/File:KOCIS_Commemorating_National_Memorial_day_(4677171634).jpg', 'http://commons.wikimedia.org/wiki/File:131203%EC%84%9C%EC%9A%B8%ED%8A%B9%EB%B3%84%EC%8B%9C_119%ED%8A%B9%EC%88%98%EA%B5%AC%EC%A1%B0%EB%8B%A8_%EC%9E%A5%EB%B3%B5%EC%88%98,_%EA%B6%8C%EC%9A%A9%EA%B0%81_%EB%8C%80%EC%9B%90_3%EC%A3%BC%EA%B8%B0_%EC%B6%94%EB%AA%A8%EC%8B%9D19.jpg', 'http://commons.wikimedia.org/wiki/File:131203%EC%84%9C%EC%9A%B8%ED%8A%B9%EB%B3%84%EC%8B%9C_119%ED%8A%B9%EC%88%98%EA%B5%AC%EC%A1%B0%EB%8B%A8_%EC%9E%A5%EB%B3%B5%EC%88%98,_%EA%B6%8C%EC%9A%A9%EA%B0%81_%EB%8C%80%EC%9B%90_3%EC%A3%BC%EA%B8%B0_%EC%B6%94%EB%AA%A8%EC%8B%9D06.jpg', 'http://commons.wikimedia.org/wiki/File:131203%EC%84%9C%EC%9A%B8%ED%8A%B9%EB%B3%84%EC%8B%9C_119%ED%8A%B9%EC%88%98%EA%B5%AC%EC%A1%B0%EB%8B%A8_%EC%9E%A5%EB%B3%B5%EC%88%98,_%EA%B6%8C%EC%9A%A9%EA%B0%81_%EB%8C%80%EC%9B%90_3%EC%A3%BC%EA%B8%B0_%EC%B6%94%EB%AA%A8%EC%8B%9D28.jpg', 'http://commons.wikimedia.org/wiki/File:131203%EC%84%9C%EC%9A%B8%ED%8A%B9%EB%B3%84%EC%8B%9C_119%ED%8A%B9%EC%88%98%EA%B5%AC%EC%A1%B0%EB%8B%A8_%EC%9E%A5%EB%B3%B5%EC%88%98,_%EA%B6%8C%EC%9A%A9%EA%B0%81_%EB%8C%80%EC%9B%90_3%EC%A3%BC%EA%B8%B0_%EC%B6%94%EB%AA%A8%EC%8B%9D13.jpg', 'http://commons.wikimedia.org/wiki/File:131203%EC%84%9C%EC%9A%B8%ED%8A%B9%EB%B3%84%EC%8B%9C_119%ED%8A%B9%EC%88%98%EA%B5%AC%EC%A1%B0%EB%8B%A8_%EC%9E%A5%EB%B3%B5%EC%88%98,_%EA%B6%8C%EC%9A%A9%EA%B0%81_%EB%8C%80%EC%9B%90_3%EC%A3%BC%EA%B8%B0_%EC%B6%94%EB%AA%A8%EC%8B%9D53.jpg', 'http://commons.wikimedia.org/wiki/File:131203%EC%84%9C%EC%9A%B8%ED%8A%B9%EB%B3%84%EC%8B%9C_119%ED%8A%B9%EC%88%98%EA%B5%AC%EC%A1%B0%EB%8B%A8_%EC%9E%A5%EB%B3%B5%EC%88%98,_%EA%B6%8C%EC%9A%A9%EA%B0%81_%EB%8C%80%EC%9B%90_3%EC%A3%BC%EA%B8%B0_%EC%B6%94%EB%AA%A8%EC%8B%9D33.jpg']"
159539,Gyeongbokgung,"['http://commons.wikimedia.org/wiki/File:Gyeongbokgung_Palace,_Seoul,_1395_(100)_(41129685851).jpg', 'http://commons.wikimedia.org/wiki/File:%EA%B6%81%EA%B8%88%EC%A6%9D.jpg', 'http://commons.wikimedia.org/wiki/File:Gyeongbok-gung(place)_(3).JPG', 'http://commons.wikimedia.org/wiki/File:Gyeongbokgung_Palace_covered_with_snow_(4270309099).jpg', 'http://commons.wikimedia.org/wiki/File:Gyeongbokgung_Palace,_Seoul,_1395_(55)_(27256869508).jpg', 'http://commons.wikimedia.org/wiki/File:Gyeongbokgung_Palace,_Seoul,_1395_(80)_(41086401452).jpg', 'http://commons.wikimedia.org/wiki/File:January_Korea_Seoul_Gyeonbokgung_Palace_-_Master_Asia_Photography_2015_Winter_-_panoramio_(18).jpg', 'http://commons.wikimedia.org/wiki/File:Gyeongbokgung_Palace,_Seoul,_1395_(103)_(41129668931).jpg', 'http://commons.wikimedia.org/wiki/File:Korea_Gyeongbokgung_Guard_10.jpg', 'http://commons.wikimedia.org/wiki/File:KOCIS_Korea_Snowfall_in_Gyeongbokgung_17_(11318861476).jpg', 'http://commons.wikimedia.org/wiki/File:Gyeongbokgung_Palace,_Seoul,_1395_(30)_(40419038794).jpg', 'http://commons.wikimedia.org/wiki/File:Gyeongbok-gung(place)_(57).JPG', 'http://commons.wikimedia.org/wiki/File:Gyeongbokgung.jpg', 'http://commons.wikimedia.org/wiki/File:Gyeongbokgung_Palace,_Seoul,_1395_(96)_(40418635854).jpg', 'http://commons.wikimedia.org/wiki/File:Gyeonghoeru_(Royal_Banquet_Hall)_at_Gyeongbokgung_Palace,_Seoul.jpg', 'http://commons.wikimedia.org/wiki/File:A_corner_in_Gyeongbokgung_by_Tptwwo.jpg', 'http://commons.wikimedia.org/wiki/File:Gyeongbokgung_Palace,_Seoul,_1395_(54)_(41086555982).jpg', 'http://commons.wikimedia.org/wiki/File:%EA%B2%BD%EB%B3%B5%EA%B6%81_%EB%8B%B4%EC%9E%A54.jpg', 'http://commons.wikimedia.org/wiki/File:KOCIS_Korea_Snowfall_in_Gyeongbokgung_02_(11318875854).jpg', 'http://commons.wikimedia.org/wiki/File:Gyeongbok-gung(place)_(63).JPG', 'http://commons.wikimedia.org/wiki/File:Gyeongbokgung_Palace,_Seoul,_1395_(70)_(27256749578).jpg', 'http://commons.wikimedia.org/wiki/File:Gyeongbokgung_Palace,_Seoul,_1395_(82)_(41129806421).jpg', 'http://commons.wikimedia.org/wiki/File:Gyeongbokgungpalace.JPG', 'http://commons.wikimedia.org/wiki/File:Gyeongbok-gung(place)_(2).JPG', 'http://commons.wikimedia.org/wiki/File:%D0%9F%D1%80%D1%83%D0%B4_%D0%B2_%D0%BF%D0%B0%D1%80%D0%BA%D0%B5_%D0%9A%D1%91%D0%BD%D0%B1%D0%BE%D0%BA%D1%83%D0%BD.jpg', 'http://commons.wikimedia.org/wiki/File:%EA%B2%BD%EB%B3%B5%EA%B6%81_%EC%A7%80%EB%B6%95.jpg', 'http://commons.wikimedia.org/wiki/File:Gyeongbokgung_Palace,_Seoul,_1395_(60)_(27256823388).jpg', 'http://commons.wikimedia.org/wiki/File:Gyeongbok-gung(place)_(29).JPG', 'http://commons.wikimedia.org/wiki/File:Gyeongbokgung_Palace,_Seoul,_1395_(101)_(41086264482).jpg', 'http://commons.wikimedia.org/wiki/File:Gyeongbokgung_Palace,_Seoul,_1395_(79)_(26258404627).jpg', 'http://commons.wikimedia.org/wiki/File:Gyeongbok-gung(place)_(39).JPG', 'http://commons.wikimedia.org/wiki/File:Gyeongbok-gung(place)_(56).JPG', 'http://commons.wikimedia.org/wiki/File:Gyeongbokgung_Palace,_Seoul,_1395_(94)_(40234659435).jpg', 'http://commons.wikimedia.org/wiki/File:Korea_Gyeongbokgung_Guard_12.jpg', 'http://commons.wikimedia.org/wiki/File:Gyeongbokgung_Palace,_Seoul,_1395_(86)_(40418713624).jpg', 'http://commons.wikimedia.org/wiki/File:Korea-Gyeongbokgung-Sajeongmun-01.jpg', 'http://commons.wikimedia.org/wiki/File:Korea-Gyeongbokgung-Sajeongjeon-03.jpg', 'http://commons.wikimedia.org/wiki/File:%EA%B2%BD%EB%B3%B5%EA%B6%81%EC%9D%98_%EA%B2%A8%EC%9A%B8.jpg', 'http://commons.wikimedia.org/wiki/File:Gyeongbokgung_Palast_Palace_drum_(40037619944).jpg', 'http://commons.wikimedia.org/wiki/File:%EA%B2%BD%EB%B3%B5%EA%B6%81_%EC%95%9E%EB%9C%B0%EA%B3%BC_%EB%92%B7%EC%82%B0.jpg', 'http://commons.wikimedia.org/wiki/File:Korea-Gyeongbokgung-19.jpg', 'http://commons.wikimedia.org/wiki/File:%EA%B2%BD%EB%B3%B5%EA%B6%81_%EB%8B%B4%EC%9E%A5_%EC%98%86_%EB%AA%A8%EC%9E%90.jpg', 'http://commons.wikimedia.org/wiki/File:Korea_Gyeongbokgung_Guard_11.jpg', 'http://commons.wikimedia.org/wiki/File:Gyeongbokgung_Palace,_Seoul,_1395_(81)_(26258394277).jpg', 'http://commons.wikimedia.org/wiki/File:Gyeongbokgung_Palace,_Seoul,_1395_(91)_(41086336852).jpg', 'http://commons.wikimedia.org/wiki/File:Gyeongbokgung_Palace,_Seoul,_1395_(85)_(41086371482).jpg', 'http://commons.wikimedia.org/wiki/File:Seoul-Gyeongbokgung-01.jpg', 'http://commons.wikimedia.org/wiki/File:Gyeongbokgung-02.jpg', 'http://commons.wikimedia.org/wiki/File:Gyeongbok-gung(place)_(1).JPG', 'http://commons.wikimedia.org/wiki/File:Gyeongbokgung_Palace,_Seoul,_1395_(98)_(26258287337).jpg', 'http://commons.wikimedia.org/wiki/File:Korea_Gyeongbokgung_Guard_13.jpg', 'http://commons.wikimedia.org/wiki/File:Gyeongbokgung_Palace,_Seoul,_1395_(78)_(27256701238).jpg', 'http://commons.wikimedia.org/wiki/File:Gyeongbok-gung(place)_(60).JPG', 'http://commons.wikimedia.org/wiki/File:Junghwajeon_inter_arboj.jpg', 'http://commons.wikimedia.org/wiki/File:Gyeongbok-gung(place)_(4).JPG', 'http://commons.wikimedia.org/wiki/File:Gyeongbokgung_Palace,_Seoul,_1395_(84)_(27256656878).jpg', 'http://commons.wikimedia.org/wiki/File:Gyeongbokgung_Palace,_Seoul,_1395_(95)_(41129728161).jpg', 'http://commons.wikimedia.org/wiki/File:January_Korea_Seoul_Gyeonbokgung_Palace_-_Master_Asia_Photography_2015_Winter_-_panoramio_(22).jpg', 'http://commons.wikimedia.org/wiki/File:%EA%B2%BD%EB%B3%B5%EA%B6%81_%EC%A0%84%EA%B2%BD.jpg', 'http://commons.wikimedia.org/wiki/File:Gyeongbokgung_Palace,_Seoul,_1395_(51)_(40418968684).jpg', 'http://commons.wikimedia.org/wiki/File:Another_Gyeongbokgung_Building_(1509812218).jpg', 'http://commons.wikimedia.org/wiki/File:%EA%B2%BD%EB%B3%B5%EA%B6%81%EC%9D%98_%EC%9C%84%EC%97%84.jpg', 'http://commons.wikimedia.org/wiki/File:Gyeongbok-gung(place)_(42).JPG', 'http://commons.wikimedia.org/wiki/File:Gyeongbokgung_Palace,_Seoul,_1395_(83)_(39320998610).jpg', 'http://commons.wikimedia.org/wiki/File:Gyeongbokgung_Palace,_Seoul,_1395_(32)_(40234970955).jpg', 'http://commons.wikimedia.org/wiki/File:%ED%9A%8C%EA%B4%80_%EA%B0%A4%EB%9F%AC%EB%A6%AC_Gyeongbokgung_Palace_Corridors_%E6%99%AF%E7%A6%8F%E5%AE%AE%E3%81%AE%E5%9B%9E%E5%BB%8A_-_panoramio.jpg', 'http://commons.wikimedia.org/wiki/File:Ondol_Chimneys_behind_the_Winter_Office_of_Gyeongbokgung_IMG_2061.jpg', 'http://commons.wikimedia.org/wiki/File:Gyeongbokgung_Palace,_Seoul,_1395_(72)_(27256733008).jpg', 'http://commons.wikimedia.org/wiki/File:A_8649.jpg', 'http://commons.wikimedia.org/wiki/File:Gyeongbok-gung(place)_(6).JPG', 'http://commons.wikimedia.org/wiki/File:KOCIS_Korea_Snowfall_in_Gyeongbokgung_01_(11318872064).jpg', 'http://commons.wikimedia.org/wiki/File:%EA%B2%BD%EB%B3%B5%EA%B6%81%EC%9D%84_%EC%B0%BE%EC%9D%80_%ED%95%9C%EB%B3%B5_%EC%9E%85%EC%9D%80_%EC%86%8C%EB%85%80%EB%93%A4.jpg', 'http://commons.wikimedia.org/wiki/File:Gyeongbokgung_Palace,_Seoul,_1395_(99)_(41086290302).jpg', 'http://commons.wikimedia.org/wiki/File:Gyeongbokgung_Palace,_Seoul,_1395_(77)_(39321056410).jpg', 'http://commons.wikimedia.org/wiki/File:Heritage_of_Seoul.jpg', 'http://commons.wikimedia.org/wiki/File:Korea-Gyeongbokgung-16.jpg', 'http://commons.wikimedia.org/wiki/File:Gyeongbokgung_Montage.jpg', 'http://commons.wikimedia.org/wiki/File:Gyeongbokgung_Palace_(22140915573).jpg', 'http://commons.wikimedia.org/wiki/File:Gyeongbokgung-03.jpg', 'http://commons.wikimedia.org/wiki/File:Gyeongbokgung_Palace,_Seoul,_1395_(90)_(26258337777).jpg', 'http://commons.wikimedia.org/wiki/File:Gyeongbok-gung(place)_(61).JPG']"
